Date,Open,High,Low,Close,Adj Close,Volume
2016/6/22,27.040001,27.49,26.879999,26.93,20.729681,87000
2016/6/23,27.26,27.57,27.139999,27.24,20.968306,93800
2016/6/24,26.35,26.969999,26.25,26.940001,20.737377,306200
2016/6/27,26.59,26.59,25.75,26.02,20.0292,246500
2016/6/28,26.389999,26.68,26.23,26.51,20.406384,283500
2016/6/29,26.700001,27.530001,26.700001,27.42,21.106861,152200
2016/6/30,27.43,27.84,27.209999,27.610001,21.253115,196500
2016/7/1,27.68,28.26,27.35,28.190001,21.699579,212100
2016/7/5,28,28,27.1,27.41,21.099167,108100
2016/7/6,27.139999,27.43,26.969999,27.110001,20.868233,75000
2016/7/7,27.209999,27.67,27.209999,27.59,21.237724,76100
2016/7/8,27.809999,28,27.5,27.59,21.237724,143300
2016/7/11,27.57,27.83,27.530001,27.77,21.376282,214000
2016/7/12,28.48,30.27,28,29.799999,22.938892,397600
2016/7/13,29.889999,30.91,29.68,30.629999,23.577799,386700
2016/7/14,30.85,31.42,30.280001,30.6,23.554707,325300
2016/7/15,30.75,30.84,30,30.629999,23.577799,198000
2016/7/18,30.6,30.66,30.08,30.559999,23.523914,215000
2016/7/19,30.360001,30.65,30.1,30.49,23.47003,240200
2016/7/20,30.43,30.52,30.040001,30.059999,23.139034,159400
2016/7/21,29.889999,30.42,29.82,30.08,23.154427,176100
2016/7/22,30.08,30.68,29.889999,30.6,23.554707,273600
2016/7/25,30.51,30.51,29.49,29.92,23.031271,922900
2016/7/26,30,30.1,29.75,29.940001,23.046659,322200
2016/7/27,29.870001,30.01,28.59,29.26,22.523226,397000
2016/7/28,29.1,29.549999,28.92,29.530001,22.731062,339300
2016/7/29,29.459999,29.91,29.129999,29.42,22.646387,396300
2016/8/1,27.5,29.049999,27.360001,28.459999,21.907412,733000
2016/8/2,28.51,28.51,27.809999,27.83,21.422466,314300
2016/8/3,27.83,28.26,27.440001,28.23,21.73037,386100
2016/8/4,28.209999,29.27,28.16,28.66,22.061369,696900
2016/8/5,28.959999,29.059999,28.690001,29.030001,22.346182,482000
2016/8/8,29,29.209999,28.51,28.92,22.261505,359700
2016/8/9,29.040001,29.040001,28.620001,28.870001,22.223019,371500
2016/8/10,28.92,29.450001,28.690001,29.4,22.630991,490500
2016/8/11,29.4,29.66,29.07,29.65,22.823435,276200
2016/8/12,29.620001,29.809999,29.43,29.799999,22.938892,265400
2016/8/15,29.879999,29.93,29.5,29.709999,22.869617,531100
2016/8/16,29.530001,29.85,29.5,29.75,22.900408,241300
2016/8/17,29.73,29.82,29.48,29.66,22.831127,150400
2016/8/18,29.58,30.120001,29.57,30.09,23.162127,258000
2016/8/19,30.049999,30.280001,29.719999,29.91,23.023571,166800
2016/8/22,29.049999,29.67,29.049999,29.66,22.831127,260800
2016/8/23,29.67,30.16,29.59,29.75,22.900408,193400
2016/8/24,30.02,30.110001,29.77,30.1,23.169827,285300
2016/8/25,30.01,30.200001,29.950001,30.16,23.216007,148400
2016/8/26,30.190001,30.379999,29.559999,29.629999,22.808035,100400
2016/8/29,29.709999,29.940001,29.5,29.790001,22.9312,147500
2016/8/30,29.74,29.889999,29.709999,29.82,22.954288,109200
2016/8/31,29.700001,30.440001,29.700001,30.41,23.408447,284700
2016/9/1,30.290001,30.51,30.040001,30.51,23.640907,229600
2016/9/2,30.620001,30.700001,30.360001,30.5,23.633158,117300
2016/9/6,30.49,30.549999,30.18,30.530001,23.656406,219200
2016/9/7,30.4,31.01,30.32,30.99,24.01284,252800
2016/9/8,31.059999,31.26,30.700001,30.83,23.888861,180600
2016/9/9,30.51,30.68,30.23,30.299999,23.478189,240700
2016/9/12,30.129999,31.049999,30.059999,31,24.020588,235000
2016/9/13,30.870001,31.049999,30.35,30.950001,23.981844,230300
2016/9/14,30.99,31.200001,30.610001,31,24.020588,230000
2016/9/15,31.08,31.67,30.93,31.610001,24.493252,146100
2016/9/16,31.620001,31.959999,31.35,31.91,24.725708,391300
2016/9/19,32,32,31.68,31.84,24.671467,278000
2016/9/20,32,32.279999,31.6,31.77,24.617228,238500
2016/9/21,31.809999,31.99,31.25,31.5,24.40802,217800
2016/9/22,31.790001,31.950001,31.5,31.66,24.531996,158900
2016/9/23,31.48,31.790001,31.33,31.33,24.276293,186400
2016/9/26,31.07,31.459999,30.59,30.629999,23.733891,233800
2016/9/27,30.719999,31.360001,30.57,31.32,24.268541,365400
2016/9/28,31.450001,31.5,31.01,31.309999,24.260794,153400
2016/9/29,31.379999,31.540001,30.780001,30.799999,23.865612,144900
2016/9/30,30.84,31.299999,30.690001,31.09,24.090322,181400
2016/10/3,31.85,32.220001,31.32,32.220001,24.965916,255600
2016/10/4,32.380001,32.380001,31.110001,31.629999,24.508747,330100
2016/10/5,31.809999,32.099998,31.629999,31.940001,24.748957,180500
2016/10/6,32,32.650002,31.870001,32.459999,25.15188,214000
2016/10/7,32.610001,32.830002,32.139999,32.240002,24.981411,219900
2016/10/10,32.099998,32.700001,32.049999,32.299999,25.027903,206600
2016/10/11,32.349998,32.5,31.450001,31.5,24.40802,205200
2016/10/12,31.6,32.099998,31.549999,31.9,24.71796,192700
2016/10/13,31.549999,31.700001,31.299999,31.35,24.291788,197000
2016/10/14,31.549999,31.950001,31.450001,31.75,24.601732,171100
2016/10/17,31.6,31.75,31.450001,31.549999,24.446758,114700
2016/10/18,31.9,32,31.549999,31.6,24.4855,93800
2016/10/19,31.799999,31.799999,31.35,31.549999,24.446758,146300
2016/10/20,31.700001,31.75,31.4,31.6,24.4855,184400
2016/10/21,31.5,31.93,31.299999,31.799999,24.640476,208400
2016/10/24,32.200001,32.25,31.68,32.099998,24.872929,220600
2016/10/25,32.150002,32.200001,31.450001,31.6,24.4855,218200
2016/10/26,31.35,32.150002,31.35,31.700001,24.562986,264600
2016/10/27,31.9,31.9,31.049999,31.450001,24.369272,175700
2016/10/28,31.4,31.780001,31.1,31.35,24.291788,210900
2016/10/31,31.25,31.549999,31.15,31.450001,24.369272,210300
2016/11/1,31.6,31.6,30.5,30.700001,23.78813,223200
2016/11/2,30.700001,30.85,30.4,30.6,23.710646,236500
2016/11/3,30.450001,30.950001,30.450001,30.799999,23.865612,223100
2016/11/4,30.950001,31.799999,30.950001,31.299999,24.253044,250000
2016/11/7,31.549999,32.25,31.299999,32.099998,24.872929,202600
2016/11/8,32.349998,32.900002,31.6,32.25,24.989161,400000
2016/11/9,31.65,33.950001,31.65,33.400002,25.880247,451500
2016/11/10,33.849998,34.150002,33.099998,33.400002,25.880247,308800
2016/11/11,33.650002,34.700001,33.48,34.5,26.732588,635600
2016/11/14,34.849998,34.950001,34.349998,34.5,26.732588,312900
2016/11/15,34.349998,34.73,34.25,34.549999,26.77133,409500
2016/11/16,34.299999,34.700001,34.150002,34.5,26.732588,504100
2016/11/17,34.700001,35.650002,34.349998,35.5,27.507446,411100
2016/11/18,35.200001,35.299999,34.75,35.049999,27.15876,278100
2016/11/21,35.200001,35.349998,34.549999,34.75,26.926306,315900
2016/11/22,35,35.049999,34.650002,34.700001,26.887564,284500
2016/11/23,34.799999,35.049999,34.599998,34.900002,27.042538,231100
2016/11/25,35.049999,35.049999,34.799999,34.950001,27.081276,188100
2016/11/28,35,35.080002,33.849998,33.900002,26.267675,192700
2016/11/29,33.950001,34.630001,33.950001,34.549999,26.77133,463800
2016/11/30,34.799999,34.799999,33.849998,33.950001,26.306416,277100
2016/12/1,34,34.25,33.25,33.5,26.111555,523300
2016/12/2,33.549999,33.599998,31.950001,32.25,25.137245,528600
2016/12/5,32.5,33.349998,32.349998,33.099998,25.799772,235500
2016/12/6,32.799999,34.099998,32.75,33.799999,26.345388,376500
2016/12/7,33.849998,33.849998,32.599998,32.650002,25.449026,787600
2016/12/8,32.849998,33.150002,31.9,32.099998,25.020325,956100
2016/12/9,32.150002,32.650002,31.950001,32.599998,25.410049,545200
2016/12/12,32.400002,32.700001,32,32.349998,25.215189,536400
2016/12/13,32.25,32.5,31.9,32,24.942383,408200
2016/12/14,31.85,32.150002,31.5,31.75,24.74752,391000
2016/12/15,31.75,32.299999,31.6,32,24.942383,432100
2016/12/16,31.950001,32.349998,31.700001,31.9,24.864437,511600
2016/12/19,32.200001,33.299999,31.9,33.200001,25.87772,477000
2016/12/20,33.299999,33.700001,33.049999,33.450001,26.072584,713800
2016/12/21,33.700001,35,33.349998,34.700001,27.046898,816600
2016/12/22,34.599998,35.130001,34.549999,35.099998,27.358673,881100
2016/12/23,35,35.299999,34.599998,35.299999,27.514566,489700
2016/12/27,35.450001,35.5,35.200001,35.450001,27.631479,348300
2016/12/28,35.450001,35.5,34.5,34.549999,26.929976,511400
2016/12/29,34.599998,34.700001,33.650002,34.200001,26.657171,561900
2016/12/30,34.200001,34.299999,33.599998,33.650002,26.228477,378000
2017/1/3,34.049999,34.75,33.900002,34.75,27.085869,766100
2017/1/4,34,34.799999,34,34.200001,26.657171,547900
2017/1/5,34.25,34.450001,33.5,34,26.501278,443200
2017/1/6,34.049999,34.349998,33.700001,33.799999,26.345388,336700
2017/1/9,33.650002,34.049999,33.25,33.299999,25.955667,415100
2017/1/10,33.400002,34.5,33.299999,34.150002,26.618204,705100
2017/1/11,34.200001,34.5,34,34.299999,26.735113,209400
2017/1/12,34.200001,34.400002,33.549999,34,26.501278,191300
2017/1/13,34.200001,34.400002,33.900002,34.25,26.696142,180200
2017/1/17,34.150002,34.299999,33.849998,33.900002,26.423336,181400
2017/1/18,33.849998,33.900002,33.299999,33.799999,26.345388,252300
2017/1/19,33.799999,33.900002,33.549999,33.900002,26.423336,213700
2017/1/20,33.950001,34.400002,33.900002,34.299999,26.735113,320300
2017/1/23,34.349998,34.900002,33.700001,34.099998,26.579226,502200
2017/1/24,34.349998,34.599998,34.150002,34.299999,26.735113,330700
2017/1/25,34.599998,34.599998,34.049999,34.150002,26.618204,303400
2017/1/26,34.25,34.599998,34.150002,34.25,26.696142,338600
2017/1/27,34.25,34.299999,33.900002,34,26.501278,299900
2017/1/30,34.650002,34.650002,33.779999,34.150002,26.618204,391400
2017/1/31,34,34.130001,33.75,33.75,26.306416,452800
2017/2/1,33.5,33.849998,32.700001,33,25.721828,886200
2017/2/2,33.099998,33.400002,32.830002,33.049999,25.760803,437600
2017/2/3,33.150002,33.299999,32.849998,32.900002,25.643887,238500
2017/2/6,32.700001,32.950001,32.599998,32.650002,25.449026,246300
2017/2/7,32.849998,32.900002,32.349998,32.5,25.332104,280600
2017/2/8,31.049999,31.73,30.799999,31.049999,24.201904,12420500
2017/2/9,31,31.25,30.950001,31,24.162931,2684400
2017/2/10,31.15,31.5,31,31.35,24.43574,3131700
2017/2/13,31.4,31.5,31.1,31.35,24.43574,1420100
2017/2/14,31.450001,31.5,31.200001,31.4,24.474709,1196100
2017/2/15,31.299999,31.549999,31.15,31.5,24.55266,951200
2017/2/16,31.35,31.450001,31.1,31.25,24.357794,691200
2017/2/17,31.25,31.33,31,31.200001,24.318821,1660300
2017/2/21,31.25,31.25,30.450001,30.85,24.046013,1199900
2017/2/22,30.799999,31.4,30.65,31.35,24.43574,1540500
2017/2/23,31.25,31.450001,31.049999,31.35,24.43574,1276800
2017/2/24,31.1,31.450001,30.950001,31.4,24.474709,1136500
2017/2/27,31.25,31.5,31.030001,31.450001,24.513683,1773100
2017/2/28,31.15,31.5,30.950001,31.35,24.43574,3963500
2017/3/1,31.5,31.549999,29.299999,30.4,23.695259,3872500
2017/3/2,30.25,30.6,29.75,29.75,23.18862,1812000
2017/3/3,29.700001,29.799999,29.1,29.4,22.915813,2638700
2017/3/6,29.4,29.65,29.200001,29.299999,22.837866,1125400
2017/3/7,29.299999,29.65,29.25,29.450001,22.954788,1231200
2017/3/8,29.5,29.9,29.35,29.549999,23.032728,1057700
2017/3/9,29.450001,29.9,29.4,29.549999,23.18968,1118000
2017/3/10,29.700001,30.200001,29.65,30.15,23.660538,1483200
2017/3/13,30.15,30.65,29.950001,30.4,23.856726,1909100
2017/3/14,30.35,30.83,30.25,30.549999,23.974442,1575700
2017/3/15,30,30.379999,29.549999,30.1,23.621302,1187700
2017/3/16,30.1,30.4,30,30.200001,23.699778,1015000
2017/3/17,30.299999,30.700001,30.299999,30.6,24.013683,1758200
2017/3/20,30.549999,31.15,30.549999,30.6,24.013683,946800
2017/3/21,30.75,31,30.15,30.15,23.660538,828100
2017/3/22,30.049999,30.5,29.950001,30.299999,23.778254,843100
2017/3/23,30.4,30.700001,30.200001,30.200001,23.699778,853900
2017/3/24,30.4,30.98,30.299999,30.85,24.209869,1721900
2017/3/27,30.35,30.950001,30.25,30.799999,24.17063,1437200
2017/3/28,30.700001,30.75,30.25,30.549999,23.974442,1312500
2017/3/29,30.549999,31,30.4,30.950001,24.288345,1383500
2017/3/30,30.9,31.25,30.700001,31.15,24.445301,1648900
2017/3/31,31.200001,31.6,31,31.450001,24.680727,1754100
2017/4/3,31.85,32.099998,31.5,31.85,24.994635,2423800
2017/4/4,31.9,32.049999,31.549999,31.549999,24.759203,1867000
2017/4/5,31.75,31.799999,30.879999,31,24.327585,1225900
2017/4/6,30.950001,31,30.35,30.799999,24.17063,932100
2017/4/7,30.700001,30.9,30.25,30.35,23.81749,1099000
2017/4/10,30.549999,30.700001,30.1,30.65,24.052919,782500
2017/4/11,30.6,30.85,30.35,30.700001,24.092155,712200
2017/4/12,30.549999,30.83,30.1,30.299999,23.778254,1122100
2017/4/13,30.35,30.6,29.950001,30.200001,23.699778,1097400
2017/4/17,30.450001,30.700001,30.299999,30.700001,24.092155,582600
2017/4/18,30.6,30.700001,30.200001,30.5,23.935204,630200
2017/4/19,30.549999,30.700001,30.23,30.4,23.856726,723200
2017/4/20,30.6,31.450001,30.5,30.950001,24.288345,1963300
2017/4/21,31,31.200001,30.6,30.9,24.249109,986500
2017/4/24,31.200001,31.200001,30.450001,30.700001,24.092155,1428500
2017/4/25,30.85,31.299999,30.85,31,24.327585,836500
2017/4/26,31,31.4,30.85,31.200001,24.484537,1091800
2017/4/27,31.200001,31.25,30.549999,30.700001,24.092155,773900
2017/4/28,30.700001,30.700001,30,30.299999,23.778254,1368100
2017/5/1,30.450001,30.549999,29.700001,29.799999,23.38587,1273300
2017/5/2,29.75,30.049999,29.58,30.049999,23.58206,1054900
2017/5/3,29.85,30.16,29.75,30.1,23.621302,832000
2017/5/4,30.15,30.15,29.299999,29.4,23.071968,1239900
2017/5/5,29.450001,29.629999,29,29.1,22.83654,1308000
2017/5/8,29.299999,29.370001,28.5,28.799999,22.60111,1890200
2017/5/9,29.299999,30.1,28.75,28.9,22.679586,3060200
2017/5/10,28.799999,28.9,27.4,27.950001,21.934067,2811300
2017/5/11,27.950001,28.049999,27.4,27.5,21.580923,1439800
2017/5/12,27.5,27.5,26.700001,26.9,21.110065,2004600
2017/5/15,27,27,25.9,26.450001,20.756922,2560900
2017/5/16,26.6,26.85,25.5,25.75,20.207592,2325900
2017/5/17,25.5,25.6,24.549999,24.6,19.305117,1970900
2017/5/18,24.549999,24.75,24.299999,24.5,19.226639,1664500
2017/5/19,24.450001,25.549999,24.450001,25.299999,19.854448,2109900
2017/5/22,25.299999,25.6,24.9,25,19.619022,1872200
2017/5/23,25.049999,25.299999,24.6,24.65,19.344351,1326800
2017/5/24,24.700001,24.700001,23.450001,23.5,18.441879,3260900
2017/5/25,23.549999,23.85,23.129999,23.4,18.363403,2740200
2017/5/26,23.450001,25.200001,23.35,24.700001,19.383595,3361300
2017/5/30,24.5,24.6,23.299999,23.35,18.324163,2393300
2017/5/31,23.35,23.549999,22.35,22.5,17.657118,3609200
2017/6/1,22.4,23.799999,22.35,23.450001,18.567688,2711000
2017/6/2,23.75,24.85,23.700001,24.799999,19.636614,4177900
2017/6/5,24.65,25.58,24.450001,25,19.794973,3884400
2017/6/6,24.799999,25.049999,24,24.4,19.319897,3404200
2017/6/7,24.450001,24.799999,23.75,23.75,18.805223,2669700
2017/6/8,23.700001,23.85,23.200001,23.65,18.726049,1598400
2017/6/9,23.6,23.799999,23.25,23.299999,18.448915,1946600
2017/6/12,23.4,23.75,23.33,23.5,18.607279,1674100
2017/6/13,23.6,24.4,23.6,24.25,19.20113,1608700
2017/6/14,24.549999,24.6,24.1,24.200001,19.161537,1109500
2017/6/15,24,24.26,23.780001,24.049999,19.042767,841200
2017/6/16,23.950001,24.700001,23.75,24.65,19.517843,1856600
2017/6/19,24.700001,25.049999,24.620001,24.75,19.597027,1700200
2017/6/20,24.549999,24.6,23.25,23.6,18.686457,2579000
2017/6/21,23.549999,23.6,22.6,23.049999,18.250965,1970400
2017/6/22,22.85,23.08,22.15,23.049999,18.250965,3216700
2017/6/23,23.1,23.75,22.5,23.6,18.686457,2376400
2017/6/26,23.5,23.780001,23.25,23.549999,18.646866,1595100
2017/6/27,23.6,23.950001,23.200001,23.35,18.488506,1159800
2017/6/28,23.5,24.200001,23.5,23.9,18.923998,1399500
2017/6/29,23.9,24,23.299999,23.65,18.726049,1035400
2017/6/30,23.700001,23.700001,22.65,22.75,18.013428,2173200
2017/7/3,22.9,23.35,22.799999,23.200001,18.36974,837100
2017/7/5,23.25,23.6,22.25,22.450001,17.775888,1898400
2017/7/6,22.299999,22.299999,21.450001,21.65,17.14245,2055900
2017/7/7,21.6,22.25,21.25,21.950001,17.379992,1467400
2017/7/10,21.85,22,21.450001,21.5,17.02368,1303600
2017/7/11,21.5,22.4,21.5,22.299999,17.657118,1072700
2017/7/12,22.4,22.4,21.25,21.4,16.9445,1590500
2017/7/13,21.299999,22.299999,21.299999,22.15,17.538347,976000
2017/7/14,22.1,22.129999,21.780001,21.9,17.340399,876500
2017/7/17,21.25,21.25,19.65,19.700001,15.598441,6244500
2017/7/18,19.700001,20.5,19.700001,20.1,15.915159,3941600
2017/7/19,19.9,20.450001,19.799999,19.85,15.71721,3338900
2017/7/20,19.950001,21.030001,19.9,20.6,16.31106,2531800
2017/7/21,20.549999,20.85,20.18,20.35,16.11311,1275900
2017/7/24,20.4,20.799999,20.25,20.5,16.23188,1575800
2017/7/25,20.5,21,20.5,20.85,16.50901,1361200
2017/7/26,20.85,21.200001,20.700001,21.049999,16.667368,1625200
2017/7/27,21.15,21.15,20.5,20.700001,16.390242,1887900
2017/7/28,20.549999,20.75,20.450001,20.5,16.23188,1347600
2017/7/31,20.6,20.700001,20.25,20.4,16.152697,1546300
2017/8/1,20.450001,20.9,20.299999,20.799999,16.469416,2154100
2017/8/2,15.8,16.049999,15.15,15.2,12.035346,16902600
2017/8/3,15.2,15.25,14.8,15.1,11.956165,5685500
2017/8/4,15.65,16.65,15.5,16.25,12.866735,6601500
2017/8/7,16.200001,16.450001,16.049999,16.1,12.747964,3080400
2017/8/8,16.1,16.450001,16.1,16.15,12.787554,2354700
2017/8/9,16,16.1,15.45,15.5,12.272886,2464200
2017/8/10,15.45,15.5,14.4,14.45,11.441495,3385100
2017/8/11,14.4,14.55,13.65,14.05,11.124776,3632700
2017/8/14,14.3,14.45,13.5,13.6,10.768467,3170300
2017/8/15,13.7,13.85,12.9,13.25,10.491337,3685900
2017/8/16,13.35,13.75,13.15,13.3,10.530927,2570400
2017/8/17,13.3,13.9,13.15,13.15,10.412158,3273400
2017/8/18,13.1,13.2,12.05,13,10.293387,7120400
2017/8/21,13,13.15,12.43,13.05,10.332977,4052100
2017/8/22,13.15,13.45,12.53,12.85,10.174617,2990500
2017/8/23,12.75,12.8,12.4,12.55,9.937078,2670300
2017/8/24,12.55,13.38,12.5,12.8,10.135027,2144800
2017/8/25,12.95,13.25,12.75,12.9,10.214208,1975900
2017/8/28,13.05,13.25,12.75,13.05,10.332977,3423200
2017/8/29,12.85,12.95,12.45,12.85,10.174617,3025800
2017/8/30,12.8,13.5,12.65,13.45,10.649696,3282100
2017/8/31,13.45,13.7,13.25,13.4,10.610106,2360500
2017/9/1,13.2,14.35,13.2,14.15,11.203956,3232100
2017/9/5,14.2,14.58,14.05,14.5,11.481086,5523700
2017/9/6,14.5,14.6,14.15,14.4,11.401906,2983800
2017/9/7,14.4,14.6,13.73,13.8,10.926828,7727700
2017/9/8,13.5,13.85,13.05,13.35,10.725966,2155200
2017/9/11,13.55,14.4,13.5,14.1,11.328548,2330000
2017/9/12,14,14.53,14,14.2,11.408892,2416900
2017/9/13,14.25,15.35,14.15,15.2,12.212335,3644300
2017/9/14,15.2,16.35,15.2,16.049999,12.895262,7200000
2017/9/15,16.1,17.129999,16.1,16.950001,13.618361,6673200
2017/9/18,17.200001,17.65,16.200001,16.65,13.377328,4188400
2017/9/19,16.700001,16.700001,15.5,15.65,12.573884,3901700
2017/9/20,15.75,16.25,15.2,15.35,12.332852,2925100
2017/9/21,15.45,15.85,15.1,15.8,12.694401,2596600
2017/9/22,15.8,16,15.4,15.9,12.774745,1654200
2017/9/25,15.75,16.15,15.05,15.15,12.172163,4648900
2017/9/26,15.2,15.75,15.1,15.4,12.373023,1821200
2017/9/27,15.5,15.73,15.03,15.5,12.453368,2161400
2017/9/28,15.35,15.35,14.75,15,12.051645,3100000
2017/9/29,14.85,15,14.25,14.7,11.810614,3384900
2017/10/2,15,15.15,14.45,14.7,11.810614,1971300
2017/10/3,14.75,15.95,14.75,15.9,12.774745,3292700
2017/10/4,15.9,16.049999,15.5,15.8,12.694401,1395900
2017/10/5,16.1,16.5,15.68,16.049999,12.895262,1880700
2017/10/6,15.95,16.110001,15.1,15.2,12.212335,2856400
2017/10/9,15.2,15.2,13.83,14,11.248203,6326400
2017/10/10,14.15,14.3,13.65,13.85,11.127688,3450100
2017/10/11,13.85,14.15,13.55,13.75,11.047342,2672100
2017/10/12,13.9,13.95,13.35,13.85,11.127688,2278200
2017/10/13,13.75,14.05,13.75,13.75,11.047342,1126200
2017/10/16,13.7,14.1,13.65,13.75,11.047342,1284200
2017/10/17,13.85,14,13.6,13.75,11.047342,1322700
2017/10/18,13.7,14.05,13.55,13.6,10.926828,2508700
2017/10/19,13.55,14.3,13.5,14.25,11.449065,2266100
2017/10/20,14.35,14.55,13.95,14,11.248203,2068900
2017/10/23,14,14.35,13.95,14.15,11.36872,1155000
2017/10/24,14.15,14.4,14,14.3,11.489236,1258500
2017/10/25,14.65,14.75,14,14.05,11.288376,1687800
2017/10/26,14.1,14.95,14.1,14.7,11.810614,2540500
2017/10/27,14.65,14.95,14.3,14.75,11.850787,1594800
2017/10/30,14.7,14.85,13.75,13.9,11.167859,3914800
2017/10/31,13.8,14.3,13.8,13.9,11.167859,2305400
2017/11/1,14.1,14.1,13.1,13.45,10.80631,3739000
2017/11/2,13.3,13.35,12.7,12.85,10.324244,3653500
2017/11/3,12.95,13.05,11.8,11.9,9.560974,5829500
2017/11/6,12.05,12.35,11.45,12.2,9.802007,6636600
2017/11/7,11.85,12.9,11.25,12.3,9.882351,8396300
2017/11/8,12.05,12.25,11.65,11.8,9.480629,4517000
2017/11/9,11.75,12,11.35,11.4,9.159251,4525500
2017/11/10,11.45,11.6,10.9,11,8.837874,4079500
2017/11/13,11.15,11.7,10.8,11.65,9.360112,4071000
2017/11/14,11.8,12.25,11.5,12.2,9.802007,3242900
2017/11/15,12.25,12.7,11.9,12.55,10.083211,3617900
2017/11/16,12.6,12.95,12.3,12.45,10.002866,2675000
2017/11/17,12.5,13.15,12.4,12.95,10.404589,2876100
2017/11/20,12.8,12.9,12.3,12.75,10.2439,2042800
2017/11/21,12.85,12.95,12.5,12.7,10.203728,1624500
2017/11/22,12.6,13.33,12.5,13.2,10.605451,2501200
2017/11/24,13.1,14.05,13.1,13.85,11.127688,1739500
2017/11/27,14,15,13.93,14.9,11.971303,4000000
2017/11/28,14.95,16.4,14.4,16.15,12.975606,7535200
2017/11/29,16.299999,16.4,15,15.4,12.373023,4241000
2017/11/30,15.65,15.65,14.05,14.25,11.449065,5277700
2017/12/1,14.05,14.3,13.64,14,11.40832,2264400
2017/12/4,14.15,14.65,14.05,14.3,11.652783,2218500
2017/12/5,14.65,14.9,14.3,14.45,11.775017,3167700
2017/12/6,14.9,15,14.15,14.25,11.612041,3827900
2017/12/7,14.15,14.5,14.05,14.35,11.69353,1931200
2017/12/8,14.4,14.7,14.2,14.65,11.937992,1900000
2017/12/11,14.6,15.45,14.6,15.25,12.426921,3132000
2017/12/12,15.65,16,15.15,15.25,12.426921,3308800
2017/12/13,15.35,15.35,14.63,15.15,12.345433,2695800
2017/12/14,15.2,15.8,15.2,15.8,12.875105,2384100
2017/12/15,15.75,15.9,14.9,15.1,12.304689,4412600
2017/12/18,15.1,15.4,14.35,15.25,12.426921,3668800
2017/12/19,15.25,15.35,15,15.25,12.426921,1497600
2017/12/20,15.3,15.3,14.8,14.85,12.100968,2260900
2017/12/21,15.1,15.6,15.05,15.4,12.549152,2867300
2017/12/22,15.4,15.5,14.7,14.9,12.141713,2645000
2017/12/26,14.8,14.95,14.13,14.4,11.734273,3501200
2017/12/27,14.35,14.4,14,14.1,11.489808,2019800
2017/12/28,14.05,14.9,14,14.85,12.100968,2506100
2017/12/29,14.85,15.43,14.75,15.1,12.304689,2653400
2018/1/2,15.2,15.65,14.9,15.4,12.549152,2257200
2018/1/3,15.45,15.5,14.9,15,12.2232,1631000
2018/1/4,15,15.1,14.35,14.45,11.775017,2141000
2018/1/5,14.5,14.56,14.05,14.1,11.489808,2009000
2018/1/8,14.3,14.35,13.65,13.8,11.245345,2347400
2018/1/9,13.75,14,13.55,13.9,11.326833,2004800
2018/1/10,13.6,14.25,13.55,13.95,11.367578,2682200
2018/1/11,13.9,14.15,13.75,14.1,11.489808,2149000
2018/1/12,14.15,14.7,13.95,14.45,11.775017,4656800
2018/1/16,14.5,14.6,13.61,13.65,11.123112,2262800
2018/1/17,13.7,13.95,13.66,13.75,11.204602,1023800
2018/1/18,13.75,13.8,13.35,13.4,10.919392,1968200
2018/1/19,13.35,13.45,13.1,13.2,10.756416,1314600
2018/1/22,13.25,13.4,13.05,13.25,10.797159,1981400
2018/1/23,13.35,13.7,13.15,13.4,10.919392,1734500
2018/1/24,13.4,13.65,13.1,13.2,10.756416,1724800
2018/1/25,13.25,13.3,13,13.15,10.715673,1175900
2018/1/26,13.15,13.2,12.4,12.85,10.471209,3575000
2018/1/29,12.8,12.95,12.65,12.85,10.471209,2045200
2018/1/30,12.75,12.85,12.5,12.6,10.267489,2494700
2018/1/31,12.6,12.85,12.55,12.8,10.430464,1190600
2018/2/1,12.8,13.6,12.65,13.5,11.000881,2186500
2018/2/2,13.5,14.23,13.35,13.95,11.367578,2681300
2018/2/5,13.8,13.9,13.2,13.35,10.87865,1623600
2018/2/6,13,13.8,12.8,13.75,11.204602,1927200
2018/2/7,13.75,14.4,13.7,14.2,11.571296,2731600
2018/2/8,14.3,14.3,13.63,13.75,11.204602,1564200
2018/2/9,13.7,13.8,12.9,13.45,10.960136,2101500
2018/2/12,13.65,14.33,13.4,13.9,11.326833,1727300
2018/2/13,13.9,14.1,13.55,13.85,11.286089,1859000
2018/2/14,13.7,14.5,13.7,14.25,11.612041,1981000
2018/2/15,14.4,14.88,14.23,14.65,11.937992,2145600
2018/2/16,14.65,14.9,14.3,14.4,11.734273,1433000
2018/2/20,14.65,15,14.31,14.5,11.815761,2002300
2018/2/21,14.5,14.85,14.35,14.4,11.734273,1164100
2018/2/22,14.5,14.9,14.25,14.3,11.652783,1462800
2018/2/23,14.55,14.9,14.3,14.85,12.100968,1826900
2018/2/26,14.85,15.9,14.85,15.45,12.589896,3674100
2018/2/27,15.45,15.88,15.21,15.75,12.834361,2167400
2018/2/28,15.8,15.88,14.85,15,12.2232,3744100
2018/3/1,15.95,16,14.5,14.75,12.019481,3739400
2018/3/2,14.7,15.85,14.5,15.75,12.834361,3269800
2018/3/5,15.8,16,15.55,15.75,12.834361,2160400
2018/3/6,15.8,16.08,15.3,15.95,12.997338,1711700
2018/3/7,15.9,15.98,15.25,15.7,12.793618,1385500
2018/3/8,15.6,16,15.5,15.55,12.671385,1276300
2018/3/9,15.4,15.85,15.3,15.7,12.96031,1377100
2018/3/12,15.7,15.83,15.45,15.65,12.919033,1129200
2018/3/13,15.7,15.85,14.65,14.75,12.176086,2206400
2018/3/14,14.9,15.13,14.7,15.05,12.423735,1061300
2018/3/15,15.05,15.15,14.65,14.75,12.176086,1052900
2018/3/16,14.8,14.8,14,14.2,11.722062,2363300
2018/3/19,14.2,14.2,13.75,14.15,11.680789,1988000
2018/3/20,14.2,14.5,13.95,14.05,11.598239,1145200
2018/3/21,13.95,14.6,13.95,14.15,11.680789,1009500
2018/3/22,13.95,14.3,13.58,13.8,11.391865,1414500
2018/3/23,13.85,14.3,13.8,13.9,11.474415,1473200
2018/3/26,14.1,14.15,13.75,13.95,11.515689,946600
2018/3/27,14.05,14.1,13.55,13.6,11.226765,1392000
2018/3/28,13.65,14.1,13.45,13.5,11.144215,1289800
2018/3/29,13.6,14.25,13.6,14.05,11.598239,1431500
2018/4/2,13.95,14.6,13.95,14.15,11.680789,1864100
2018/4/3,14.2,15.33,14.2,15.25,12.588834,2412400
2018/4/4,15,15.8,14.8,15.4,12.712659,2902800
2018/4/5,15.6,16.4,15.35,16.35,13.496881,2893700
2018/4/6,16.200001,16.799999,16.1,16.450001,13.579432,2309000
2018/4/9,16.6,16.85,16.450001,16.450001,13.579432,1424600
2018/4/10,16.6,17,16.5,16.799999,13.868354,1579500
2018/4/11,16.700001,17,16.65,16.700001,13.785807,973300
2018/4/12,16.75,16.9,16.4,16.5,13.620708,895000
2018/4/13,16.549999,17,16.299999,16.950001,13.992182,1090900
2018/4/16,17.15,17.549999,16.85,17.15,14.157281,1829700
2018/4/17,17.4,17.700001,17.15,17.4,14.363657,1547200
2018/4/18,17.549999,17.85,17.200001,17.549999,14.487478,1470100
2018/4/19,17.65,17.950001,17.15,17.25,14.239828,1587500
2018/4/20,17.35,17.5,16.75,17,14.033455,2128500
2018/4/23,17,17.549999,16.9,17.15,14.157281,1200900
2018/4/24,17.299999,17.299999,16.799999,17.200001,14.198557,1030500
2018/4/25,17.200001,17.299999,16.9,17.25,14.239828,1210100
2018/4/26,17.25,17.5,17.1,17.200001,14.198557,873800
2018/4/27,17.200001,17.6,17,17.200001,14.198557,1163000
2018/4/30,17.25,17.52,17.15,17.450001,14.40493,1075800
2018/5/1,17.4,17.6,16.299999,16.4,13.538156,2023600
2018/5/2,16.450001,16.85,16.35,16.5,13.620708,918600
2018/5/3,16.5,16.75,16.25,16.549999,13.661981,1474200
2018/5/4,16.549999,16.799999,16.15,16.299999,13.455607,1590600
2018/5/7,16.450001,17.4,16.35,17.200001,14.198557,2562900
2018/5/8,17.6,17.6,16.5,16.799999,13.868354,4724600
2018/5/9,16.75,16.85,15.9,16.049999,13.249232,2264800
2018/5/10,16.15,16.85,16.15,16.450001,13.579432,1730200
2018/5/11,16.5,16.6,16.1,16.299999,13.455607,1084600
2018/5/14,16.35,16.65,16.35,16.4,13.538156,971800
2018/5/15,16.4,16.700001,16.299999,16.549999,13.661981,920100
2018/5/16,16.5,16.75,16.41,16.6,13.703255,793400
2018/5/17,16.700001,17,16.35,16.6,13.703255,852800
2018/5/18,16.6,16.700001,15.95,16.1,13.290507,1468300
2018/5/21,16.1,16.25,15.85,16.049999,13.249232,1401300
2018/5/22,16.1,16.200001,15.55,15.6,12.877759,1659000
2018/5/23,15.6,15.73,15.1,15.2,12.54756,1599200
2018/5/24,15.2,15.5,15.05,15.25,12.588834,2143100
2018/5/25,15.25,15.53,14.9,15.05,12.423735,1435700
2018/5/29,15,15,14.35,14.45,11.928435,2354200
2018/5/30,14.5,14.95,14.4,14.85,12.258636,1318800
2018/5/31,14.85,14.95,14.65,14.8,12.21736,1007900
2018/6/1,14.85,14.95,14.6,14.8,12.21736,927300
2018/6/4,14.75,14.9,14.4,14.55,12.010988,1409400
2018/6/5,14.55,14.98,14.45,14.75,12.176086,1337600
2018/6/6,14.7,14.75,14.45,14.7,12.134812,1400000
2018/6/7,14.7,14.88,14.5,14.65,12.093535,1247500
2018/6/8,14.5,14.58,14.25,14.45,12.093535,1363900
2018/6/11,14.45,15.13,14.45,14.95,12.511998,1592900
2018/6/12,14.95,15.7,14.8,15.65,13.097843,1594800
2018/6/13,15.95,15.95,15.38,15.45,12.930459,1044200
2018/6/14,15.45,15.8,15.35,15.75,13.181537,1295800
2018/6/15,15.75,15.8,15.43,15.6,13.055998,1450900
2018/6/18,15.55,16.1,15.5,16,13.390767,1403400
2018/6/19,15.9,16.25,15.68,16.25,13.599998,983500
2018/6/20,16.450001,16.73,16,16.6,13.89292,1607200
2018/6/21,16.9,17.549999,16.700001,17.200001,14.395074,2403300
2018/6/22,17.25,17.4,16.450001,16.6,13.89292,2286100
2018/6/25,16.6,16.700001,16.200001,16.5,13.809229,1446800
2018/6/26,16.5,16.540001,15.75,15.85,13.265228,2194500
2018/6/27,15.85,16.299999,15.5,15.6,13.055998,1330100
2018/6/28,15.65,16.200001,15.65,16.15,13.516304,1088900
2018/6/29,16.200001,16.200001,15.8,15.9,13.307075,999000
2018/7/2,15.85,15.9,15.55,15.75,13.181537,1158800
2018/7/3,15.95,15.95,15.58,15.85,13.265228,729300
2018/7/5,16,16.85,16,16.799999,14.060305,1623500
2018/7/6,16.75,17.450001,16.68,17.299999,14.478766,1729800
2018/7/9,17.35,17.6,16.950001,17.15,14.353227,1494000
2018/7/10,17.299999,17.4,17,17.35,14.520614,896900
2018/7/11,17.35,17.85,17.110001,17.4,14.562457,1720500
2018/7/12,17.4,17.6,16.9,17,14.22769,1898800
2018/7/13,17.049999,17.15,16.52,17.049999,14.269536,1442600
2018/7/16,17.15,17.200001,16.5,16.700001,13.976613,1269900
2018/7/17,16.75,17.1,16.549999,16.85,14.102152,1042800
2018/7/18,16.65,16.799999,16.1,16.35,13.683691,1443000
2018/7/19,16.25,16.75,15.75,16.450001,13.767382,1613500
2018/7/20,16.4,16.450001,15.9,15.95,13.34892,1299900
2018/7/23,15.85,16,15.25,15.55,13.014152,2479500
2018/7/24,15.5,15.7,15.3,15.5,12.972306,1607600
2018/7/25,15.55,15.68,15.2,15.25,12.763074,1408200
2018/7/26,15.3,15.93,15.25,15.7,13.13969,1279200
2018/7/27,15.75,15.95,15.37,15.7,13.13969,1088800
2018/7/30,15.55,15.6,15.25,15.35,12.846766,1158300
2018/7/31,15.45,16.799999,15.45,16.299999,13.641843,3677200
2018/8/1,16.700001,16.799999,15.5,16.049999,13.432612,4306600
2018/8/2,15.85,16.85,15.65,16.549999,13.851074,3211100
2018/8/3,15.85,17.5,15.65,17.15,14.353227,3053900
2018/8/6,17.15,17.700001,16.950001,17.299999,14.478766,2086700
2018/8/7,17.4,17.950001,17.15,17.200001,14.395074,2166500
2018/8/8,17.15,17.629999,17,17.5,14.646152,2554100
2018/8/9,17.549999,18.35,16.700001,16.9,14.143997,4497900
2018/8/10,16.85,17.5,16.549999,17.450001,14.604307,1851100
2018/8/13,17.35,17.73,17.25,17.450001,14.604307,1300900
2018/8/14,17.549999,17.799999,17.27,17.5,14.646152,1820900
2018/8/15,17.450001,17.879999,17.299999,17.700001,14.813537,2298100
2018/8/16,17.299999,18.450001,17.200001,18.1,15.148305,3844100
2018/8/17,18.049999,18.799999,17.98,18.35,15.357535,1957100
2018/8/20,18.450001,18.700001,18.1,18.549999,15.524919,1723200
2018/8/21,18.6,19.33,18.6,18.85,15.775999,1512000
2018/8/22,18.85,19.549999,18.700001,19,15.901537,1621300
2018/8/23,19,19.25,18.51,19.200001,16.06892,1089400
2018/8/24,19.15,19.4,19,19.15,16.027073,1301000
2018/8/27,19.15,19.23,18.700001,18.700001,15.650459,1486400
2018/8/28,18.700001,19.200001,18.5,19.15,16.027073,1199300
2018/8/29,19.1,19.25,18.950001,18.950001,15.859691,901700
2018/8/30,18.85,19,18.65,18.799999,15.73415,794800
2018/8/31,18.75,19.1,18.5,19.049999,15.943381,1256600
2018/9/4,19.049999,19.35,18.9,19.25,16.110767,1709500
2018/9/5,19.200001,20.450001,18.67,19.299999,16.152615,4047900
2018/9/6,19.450001,20,19.25,19.75,16.52923,2161000
2018/9/7,19.5,20.200001,19.450001,19.9,16.825148,2437900
2018/9/10,19.950001,20.15,19.5,19.9,16.825148,1502400
2018/9/11,20,20.1,19.450001,19.799999,16.740601,1451700
2018/9/12,19.700001,20.15,19.6,20.049999,16.951971,1081300
2018/9/13,20.049999,20.15,19.799999,20.1,16.994246,737100
2018/9/14,21,21.299999,19.700001,19.799999,16.740601,5184300
2018/9/17,19.75,20.049999,19.15,19.950001,16.867422,2302800
2018/9/18,19.9,20.65,19.700001,20,16.909695,1733600
2018/9/19,20.200001,20.700001,19.950001,20.65,17.459259,2637600
2018/9/20,20.950001,20.950001,20.549999,20.75,17.543808,1399000
2018/9/21,20.799999,21.450001,20.700001,21.35,18.051102,3218100
2018/9/24,19.9,20.700001,19.700001,20.4,18.598103,2175000
2018/9/25,20.4,20.4,19.450001,19.9,18.142267,2289900
2018/9/26,19.85,20.35,19.75,20.15,18.370186,1549100
2018/9/27,20.1,20.6,20.049999,20.450001,18.64369,1573700
2018/9/28,20.4,20.6,20.200001,20.5,18.68927,1827000
2018/10/1,20.540001,20.6,19.75,19.860001,18.105803,1939700
2018/10/2,19.799999,20.15,19.530001,19.76,18.014633,2190100
2018/10/3,19.799999,20.27,19.610001,20.09,18.315487,1854900
2018/10/4,19.959999,20.25,19.74,19.969999,18.206083,1378900
2018/10/5,20,20.110001,19.48,19.700001,17.959932,1566700
2018/10/8,19.530001,19.860001,19.17,19.6,17.868767,1567500
2018/10/9,19.629999,19.85,19.540001,19.610001,17.877882,998300
2018/10/10,19.65,19.93,18.700001,18.75,17.093845,1758700
2018/10/11,18.549999,18.84,18.4,18.41,16.783878,1535800
2018/10/12,18.639999,18.959999,18.5,18.860001,17.19413,2051400
2018/10/15,18.84,19.32,18.629999,19.27,17.567915,1577300
2018/10/16,19.41,20.16,19.370001,20.15,18.370186,2451300
2018/10/17,20,20.299999,19.73,19.809999,18.060219,1676000
2018/10/18,19.65,19.950001,19.440001,19.639999,17.905231,1609200
2018/10/19,19.77,20.360001,19.65,19.809999,18.060219,1528000
2018/10/22,19.92,20.26,19.77,19.799999,18.051102,1926100
2018/10/23,19.540001,19.76,19.290001,19.700001,17.959932,1180600
2018/10/24,19.459999,19.540001,17.83,17.83,16.255108,3652600
2018/10/25,17.99,18.809999,17.92,18.709999,17.057379,2243300
2018/10/26,18.469999,18.5,17.42,17.83,16.255108,2581800
2018/10/29,18.07,18.969999,18.059999,18.719999,17.066492,1544600
2018/10/30,18.68,19.24,18.67,19.24,17.540565,1728600
2018/10/31,19.6,19.629999,19.08,19.26,17.558798,1254700
2018/11/1,19.26,19.309999,18.799999,19.24,17.540565,1292100
2018/11/2,19.35,19.879999,18.639999,19,17.321762,1429500
2018/11/5,19.08,19.24,18.98,19.18,17.485865,1518600
2018/11/6,19.07,19.209999,18.4,18.42,16.792994,1846200
2018/11/7,18.5,18.5,17.879999,18.379999,16.756523,3515900
2018/11/8,18.43,18.92,18.01,18.129999,16.528606,1616200
2018/11/9,17.4,17.84,14.97,15.66,14.276779,6804400
2018/11/12,15.71,15.86,15.18,15.19,13.848293,2409400
2018/11/13,15.1,15.64,15.1,15.54,14.167378,2064700
2018/11/14,15.58,15.9,15.55,15.68,14.295013,1713200
2018/11/15,15.5,15.51,14.74,14.74,13.438041,2166000
2018/11/16,14.65,14.75,13.99,14.05,12.808987,2505200
2018/11/19,14.05,14.3,13.2,13.49,12.298451,2973500
2018/11/20,13.22,13.71,13.04,13.29,12.116117,3077300
2018/11/21,13.42,14.25,13.38,13.94,12.708704,1631900
2018/11/23,13.85,14.06,13.42,13.88,12.654004,859200
2018/11/26,14,14.24,13.8,14.16,12.909272,1754500
2018/11/27,14.13,14.15,13.44,13.45,12.261984,1755400
2018/11/28,13.45,13.91,13.4,13.84,12.617537,1406400
2018/11/29,13.75,14.25,13.74,13.96,12.726937,1061600
2018/11/30,14.02,14.13,13.47,13.65,12.444319,1445100
2018/12/3,13.85,14.49,13.6,14.22,12.963973,1995800
2018/12/4,14.15,14.57,14.1,14.26,13.000439,1413600
2018/12/6,14.1,14.66,13.93,14.63,13.337758,1708200
2018/12/7,14.45,14.7,14.13,14.27,13.189869,980300
2018/12/10,14.24,14.45,13.68,14.3,13.217599,1196600
2018/12/11,14.49,15.23,14.49,15.12,13.975531,2025400
2018/12/12,15.26,15.44,15.05,15.27,14.114176,1807900
2018/12/13,15.33,15.4,14.61,14.86,13.735209,1086700
2018/12/14,14.71,14.98,14.45,14.51,13.411703,777700
2018/12/17,14.47,14.79,14,14.07,13.005007,1022400
2018/12/18,14.19,14.45,13.71,13.96,12.903334,1203500
2018/12/19,13.96,14.07,13.28,13.37,12.357991,1355000
2018/12/20,13.38,13.7,12.66,12.98,11.997512,1495800
2018/12/21,13.07,13.2,12.31,12.34,11.405956,1653300
2018/12/24,12.28,12.54,12.06,12.26,11.33201,861400
2018/12/26,12.35,12.76,11.94,12.68,11.720221,1574100
2018/12/27,12.43,12.5,11.66,12.2,11.276552,1777700
2018/12/28,12.25,12.65,12.02,12.42,11.4799,1668100
2018/12/31,12.5,12.72,11.91,12.28,11.350496,1246800
2019/1/2,12.01,13.08,11.9,12.89,11.914326,1374900
2019/1/3,12.8,13.54,12.63,13.06,12.071457,1392400
2019/1/4,13.22,13.69,13.02,13.54,12.515124,1025000
2019/1/7,13.55,14.26,13.37,14.12,13.051224,1119200
2019/1/8,14.21,14.7,14.09,14.57,13.467159,1122700
2019/1/9,14.74,14.75,13.89,13.95,12.894091,1443600
2019/1/10,13.8,13.92,13.45,13.73,12.690743,976500
2019/1/11,13.76,14.08,13.61,14.03,12.968036,578600
2019/1/14,13.98,14.26,13.8,14.13,13.060465,1414200
2019/1/15,14.18,14.45,13.97,14.31,13.226841,646600
2019/1/16,14.29,14.6,14.04,14.1,13.032737,960100
2019/1/17,14.09,14.46,14.09,14.11,13.041979,828300
2019/1/18,14.16,14.56,14.16,14.46,13.365488,953800
2019/1/22,14.01,14.03,13.4,13.51,12.487394,1595300
2019/1/23,13.59,14.4,13.57,13.79,12.746201,1480600
2019/1/24,13.81,14.27,13.74,14.25,13.171384,593400
2019/1/25,14.39,14.5,13.92,14.01,12.94955,772600
2019/1/28,13.97,14.17,13.88,14.01,12.94955,689000
2019/1/29,14.06,14.32,14,14.19,13.115924,620700
2019/1/30,14.35,14.35,13.94,14.12,13.051224,546000
2019/1/31,14.18,14.69,14.17,14.65,13.541105,905800
2019/2/1,14.52,14.52,13.96,14.19,13.115924,1268900
2019/2/4,14.17,14.46,14.02,14.35,13.263814,858800
2019/2/5,14.35,14.59,13.89,14.07,13.005007,1184500
2019/2/6,13.99,14.1,13.75,13.79,12.746201,1019500
2019/2/7,13.67,13.75,13.22,13.32,12.311776,1494900
2019/2/8,13.28,13.74,13.28,13.72,12.681499,634300
2019/2/11,13.74,13.79,12.98,13.17,12.173131,1696300
2019/2/12,13.2,13.36,12.82,13.26,12.256317,2302400
2019/2/13,13.3,13.51,13.15,13.51,12.487394,1515300
2019/2/14,13.44,14,13.36,13.65,12.616798,1173500
2019/2/15,13.73,14.14,13.65,13.79,12.746201,1017300
2019/2/19,13.72,13.86,13.18,13.2,12.200859,2049200
2019/2/20,13.32,13.88,13.25,13.67,12.635283,1771600
2019/2/21,13.65,13.89,13.57,13.7,12.663014,733000
2019/2/22,13.84,14.32,13.76,13.87,12.820147,1002000
2019/2/25,14.02,14.16,13.64,13.64,12.607554,1358900
2019/2/26,13.64,13.79,13.08,13.56,12.53361,1943000
2019/2/27,13.55,14.05,13.46,13.87,12.820147,1390300
2019/2/28,13.92,14.38,13.88,14.03,12.968036,2173500
2019/3/1,15.66,16.5,15.2,16,14.78892,10045800
2019/3/4,16.110001,16.15,15.06,15.5,14.326768,3460700
2019/3/5,15.65,15.89,15.25,15.62,14.437683,2112500
2019/3/6,15.63,15.75,15.07,15.13,13.984773,1571500
2019/3/7,15.13,15.19,14.68,14.8,13.679752,1149000
2019/3/8,14.5,14.74,14.36,14.72,13.792188,867300
2019/3/11,14.77,15.04,14.55,14.65,13.7266,1357800
2019/3/12,14.72,14.74,14.37,14.42,13.511098,1016600
2019/3/13,14.35,14.75,14.27,14.43,13.520467,1285800
2019/3/14,14.49,14.61,14.15,14.48,13.567315,1093500
2019/3/15,14.47,14.74,14.42,14.5,13.586055,1761300
2019/3/18,14.47,15.03,14.38,15,14.054539,3239200
2019/3/19,15.11,15.23,14.62,14.75,13.820297,1136800
2019/3/20,14.71,15.15,14.69,14.96,14.017061,1302900
2019/3/21,14.95,15.59,14.95,15.42,14.448067,1562000
2019/3/22,15.35,15.49,15.04,15.06,14.110758,1135900
2019/3/25,15.04,15.6,15.01,15.3,14.33563,1351700
2019/3/26,15.47,15.56,14.7,14.94,13.998321,1715200
2019/3/27,14.93,15.07,14.58,14.84,13.904624,1274400
2019/3/28,14.8,14.95,14.61,14.77,13.839037,1250600
2019/3/29,14.81,14.95,14.71,14.85,13.913995,751100
2019/4/1,14.95,15.14,14.84,14.99,14.04517,1086600
2019/4/2,15,15,14.62,14.78,13.848406,1189600
2019/4/3,14.85,14.92,14.53,14.61,13.689121,1167300
2019/4/4,14.7,15.03,14.63,15.01,14.06391,1672700
2019/4/5,15.01,15.12,14.81,14.98,14.035799,987000
2019/4/8,15.35,16.799999,15.32,16.309999,15.281968,3619200
2019/4/9,16.1,16.389999,15.91,16.15,15.132053,1157900
2019/4/10,16.16,16.24,15.97,16.15,15.132053,927800
2019/4/11,16.139999,16.32,16.01,16.120001,15.103945,924900
2019/4/12,16,16.459999,15.91,16.43,15.394405,1468500
2019/4/15,16.440001,16.57,16.049999,16.5,15.459993,1790400
2019/4/16,16.5,16.700001,16.26,16.59,15.544322,1679100
2019/4/17,16.58,17.07,16.35,16.59,15.544322,2051800
2019/4/18,16.58,16.58,15.94,16.049999,15.038357,1182700
2019/4/22,15.95,15.95,15.19,15.26,14.298152,2324200
2019/4/23,15.28,15.32,14.87,15.25,14.28878,1834500
2019/4/24,15.27,15.56,15.08,15.44,14.466805,1278100
2019/4/25,15.44,15.54,15.06,15.3,14.33563,1278800
2019/4/26,15.39,15.65,15.32,15.4,14.429327,1182000
2019/4/29,15.86,15.96,15.28,15.5,14.523025,2582900
2019/4/30,15.41,15.43,14.88,15.16,14.204454,1663700
2019/5/1,15.15,15.3,14.7,14.71,13.782819,1882800
2019/5/2,14.69,14.8,14.33,14.7,13.773447,1042900
2019/5/3,14.87,14.96,14.48,14.59,13.670382,1773300
2019/5/6,14.39,15,14.3,14.87,13.932733,1551900
2019/5/7,14.88,15.22,14.82,14.97,14.02643,1546100
2019/5/8,14.91,14.97,14.57,14.65,13.7266,1749300
2019/5/9,13.79,13.9,13.02,13.63,12.770891,5898100
2019/5/10,13.58,13.93,13.29,13.82,12.948915,2255200
2019/5/13,13.53,13.75,13.06,13.29,12.452321,2335600
2019/5/14,13.39,13.65,13.36,13.5,12.649085,1569400
2019/5/15,13.35,13.72,13.31,13.58,12.724042,1630400
2019/5/16,13.57,13.67,13.33,13.4,12.555388,1793200
2019/5/17,13.32,13.55,13.11,13.13,12.302406,1992400
2019/5/20,13.19,13.22,12.9,13,12.180601,2032000
2019/5/21,13.09,13.33,13.03,13.21,12.377365,1752500
2019/5/22,13.2,13.33,13.03,13.04,12.21808,983200
2019/5/23,12.98,13,12.68,12.95,12.133752,2114700
2019/5/24,13,13.06,12.65,12.69,11.890139,1118000
2019/5/28,12.69,12.81,12.45,12.5,11.712117,1395500
2019/5/29,12.46,12.52,12.01,12.06,11.29985,1886600
2019/5/30,12.06,12.39,11.91,12.01,11.253001,1622200
2019/5/31,11.88,12.14,11.71,11.98,11.224891,1439500
2019/6/3,11.94,12.03,11.76,11.9,11.149934,1632400
2019/6/4,12.01,12.08,11.75,11.78,11.037498,2012500
2019/6/5,11.85,11.87,11.13,11.18,10.475316,3452700
2019/6/6,11.18,11.2,10.7,11.09,10.390989,4026100
2019/6/7,11,11.21,10.72,10.75,10.257404,2437400
2019/6/10,10.81,11.01,10.79,10.94,10.438698,2265900
2019/6/11,11,11.18,10.97,11.04,10.534116,1514300
2019/6/12,11.05,11.15,10.65,10.69,10.200154,1665100
2019/6/13,10.75,10.97,10.63,10.95,10.44824,3184500
2019/6/14,10.93,11.02,10.83,10.96,10.457782,1510200
2019/6/17,10.98,11.3,10.88,11.18,10.667701,1238700
2019/6/18,11.27,11.42,11.19,11.41,10.887162,1867100
2019/6/19,11.5,11.68,11.34,11.53,11.001663,1528600
2019/6/20,11.58,11.59,10.88,10.93,10.429156,2733200
2019/6/21,10.88,10.88,10.31,10.6,10.114279,3039800
2019/6/24,10.64,10.66,9.97,10.01,9.551314,2909000
2019/6/25,10.01,10.03,9.42,9.48,9.0456,3663000
2019/6/26,9.53,9.7,9.31,9.45,9.016974,2925300
2019/6/27,9.45,9.54,9.35,9.49,9.055141,2029500
2019/6/28,9.46,9.52,9.28,9.33,8.902473,2543800
2019/7/1,9.85,9.9,9.15,9.27,8.845223,2919200
2019/7/2,9.23,9.3,9.04,9.21,8.787971,2061700
2019/7/3,9.23,9.31,9,9.1,8.683013,1957900
2019/7/5,9.03,9.51,9.03,9.4,8.969265,3136000
2019/7/8,9.34,9.37,8.8,8.86,8.45401,4470700
2019/7/9,8.83,9.18,8.73,8.91,8.501719,3588400
2019/7/10,9.02,9.32,8.95,9.22,8.797514,2153600
2019/7/11,9.22,9.55,9.13,9.45,9.016974,2505500
2019/7/12,9.55,9.61,9.31,9.46,9.026517,1841600
2019/7/15,9.39,9.53,9.06,9.49,9.055141,2266500
2019/7/16,9.39,9.82,9.32,9.78,9.331853,2189600
2019/7/17,9.78,9.94,9.64,9.81,9.360478,1753200
2019/7/18,9.62,9.9,9.49,9.62,9.179185,2062300
2019/7/19,9.95,11.04,9.93,10.54,10.057028,11042800
2019/7/22,10.64,10.9,10.07,10.41,9.932984,5519500
2019/7/23,10.26,10.53,10.18,10.3,9.828026,2987200
2019/7/24,10.33,10.89,10.33,10.78,10.286029,2660900
2019/7/25,10.81,11.02,10.67,10.94,10.438698,2211400
2019/7/26,11,11.3,10.95,11.25,10.734493,2339900
2019/7/29,11.3,11.45,10.93,11.45,10.925329,2746700
2019/7/30,11.34,11.74,11.13,11.74,11.202041,2778100
2019/7/31,11.75,11.98,11.55,11.83,11.287916,2818700
2019/8/1,11.7,11.82,11.04,11.26,10.744036,4601900
2019/8/2,11.2,11.64,11.08,11.62,11.087539,2870100
2019/8/5,11.43,11.48,10.89,11.1,10.591367,2861200
2019/8/6,11.16,11.41,11,11.32,10.801286,1790500
2019/8/7,11.1,11.45,10.92,11.35,10.82991,3239700
2019/8/8,12.15,12.49,11.45,12.01,11.459668,8409000
2019/8/9,11.97,12.36,11.8,12.18,11.621879,3552100
2019/8/12,12.12,12.4,11.6,11.76,11.221124,2391800
2019/8/13,11.72,12.26,11.55,11.67,11.135247,3037700
2019/8/14,11.48,11.5,10.74,10.75,10.257404,3809600
2019/8/15,10.7,10.86,10.46,10.84,10.343281,2098000
2019/8/16,10.95,11.3,10.9,11.15,10.639075,1882300
2019/8/19,11.4,11.64,11.24,11.39,10.868079,1562300
2019/8/20,11.38,11.54,11.26,11.34,10.82037,1253500
2019/8/21,11.4,11.57,11.23,11.41,10.887162,1652900
2019/8/22,11.44,11.6,11.23,11.51,10.982579,2147700
2019/8/23,11.42,11.47,10.87,11.01,10.50549,3099100
2019/8/26,11.12,11.38,11.03,11.31,10.791744,1420900
2019/8/27,11.37,11.37,10.74,10.86,10.362364,2628400
2019/8/28,10.81,11.31,10.61,11.25,10.734493,1529200
2019/8/29,11.36,11.5,11.24,11.3,10.782202,1437400
2019/8/30,11.33,11.39,11,11.11,10.600909,1813100
2019/9/3,11.19,11.47,10.97,11.4,10.87762,2483100
2019/9/4,11.53,11.8,11.43,11.71,11.173415,1983500
2019/9/5,11.91,12.06,11.8,12.02,11.469211,2390000
2019/9/6,11.82,11.97,11.5,11.52,11.178113,1692600
2019/9/9,11.57,11.76,11.36,11.68,11.333365,1895800
2019/9/10,11.65,11.79,11.47,11.65,11.304255,1936300
2019/9/11,11.66,11.87,11.47,11.74,11.391583,1436300
2019/9/12,11.74,11.87,11.52,11.7,11.352771,1697500
2019/9/13,11.8,11.98,11.67,11.96,11.605055,1654500
2019/9/16,11.85,12.13,11.82,11.91,11.556539,1572200
2019/9/17,11.89,11.9,11.32,11.49,11.149003,2098900
2019/9/18,11.48,11.54,11.08,11.17,10.8385,1939000
2019/9/19,11.17,11.23,10.74,10.77,10.450372,2771100
2019/9/20,10.76,11.15,10.62,10.85,10.527998,2292800
2019/9/23,10.8,10.92,10.44,10.72,10.401855,2234500
2019/9/24,10.8,10.91,10.62,10.71,10.392153,1563900
2019/9/25,10.71,11.14,10.58,10.81,10.489184,1883300
2019/9/26,10.81,10.95,10.5,10.82,10.498887,1938200
2019/9/27,10.87,11.05,10.68,10.78,10.460074,956000
2019/9/30,10.82,10.97,10.65,10.7,10.382448,1297100
2019/10/1,10.75,10.95,10.6,10.62,10.304823,1288400
2019/10/2,10.54,10.55,9.9,10.22,9.916694,2197500
2019/10/3,10.14,10.18,9.81,9.93,9.635301,2782000
2019/10/4,9.95,10.04,9.65,9.82,9.528564,2521300
2019/10/7,9.72,9.96,9.66,9.78,9.489753,1493100
2019/10/8,9.7,9.91,9.43,9.83,9.538269,2391800
2019/10/9,9.87,9.87,9.05,9.39,9.111327,4617100
2019/10/10,9.36,9.42,9.12,9.16,8.888152,2106900
2019/10/11,9.28,9.5,9.19,9.22,8.946372,2172700
2019/10/14,9.18,9.25,8.78,8.95,8.684385,2675200
2019/10/15,9.05,9.49,8.97,9.17,8.897856,4099100
2019/10/16,9.22,9.55,9.22,9.34,9.06281,2323600
2019/10/17,9.37,9.4,9.15,9.34,9.06281,1669500
2019/10/18,9.32,9.45,9.2,9.36,9.082216,1763900
2019/10/21,9.43,9.54,9.18,9.22,8.946372,1804800
2019/10/22,9.21,9.91,9.19,9.76,9.470345,2210100
2019/10/23,9.82,10.14,9.72,9.87,9.577082,2828100
2019/10/24,9.9,9.93,9.33,9.6,9.315094,2546900
2019/10/25,9.58,9.81,9.38,9.72,9.431533,1570900
2019/10/28,9.78,10.06,9.75,9.91,9.615893,1195000
2019/10/29,9.9,9.96,9.74,9.81,9.518862,1227400
2019/10/30,9.78,9.79,9.21,9.4,9.12103,2826400
2019/10/31,9.49,9.54,9.2,9.37,9.09192,1881300
2019/11/1,9.45,9.84,9.33,9.62,9.3345,2177100
2019/11/4,9.74,9.8,9.49,9.75,9.460643,2042200
2019/11/5,9.79,10.09,9.76,9.78,9.489753,2287700
2019/11/6,9.79,9.86,9.56,9.69,9.402422,1760500
2019/11/7,9.94,10.35,9.12,9.24,8.965777,5583600
2019/11/8,9.37,9.73,9.24,9.62,9.3345,2382500
2019/11/11,9.55,9.67,9.27,9.54,9.256875,1642800
2019/11/12,9.54,9.62,9.28,9.28,9.004591,2388300
2019/11/13,9.25,9.28,8.54,8.8,8.538836,6797100
2019/11/14,8.77,9.01,8.67,8.88,8.616463,3248900
2019/11/15,8.98,8.99,8.71,8.76,8.500024,3221300
2019/11/18,8.75,8.79,8.22,8.47,8.218631,7317300
2019/11/19,8.65,9.05,8.4,8.47,8.218631,5931000
2019/11/20,8.49,8.49,8.11,8.13,7.888721,4155800
2019/11/21,8.14,8.33,7.87,7.94,7.704359,4393200
2019/11/22,7.96,8.06,7.47,7.96,7.723765,5706200
2019/11/25,8.08,8.45,8.05,8.38,8.131302,3560400
2019/11/26,8.4,8.4,7.9,7.9,7.665546,4773400
2019/11/27,8,8.65,8,8.43,8.179817,5745500
2019/11/29,8.26,8.4,8.08,8.18,8.130122,2408200
2019/12/2,8.24,8.71,8.22,8.67,8.617134,4166700
2019/12/3,8.57,8.58,8.21,8.27,8.219574,3652300
2019/12/4,8.3,8.32,7.88,7.93,7.881646,4293000
2019/12/5,7.95,8.02,7.77,7.87,7.822012,2747300
2019/12/6,7.88,8.15,7.88,8.05,8.000915,1573400
2019/12/9,8.03,8.27,7.84,8.23,8.179816,1879200
2019/12/10,8.19,8.41,8.09,8.1,8.050611,2441700
2019/12/11,8.06,8.18,8.01,8.16,8.110244,1697900
2019/12/12,8.25,8.44,8.18,8.3,8.249391,2407800
2019/12/13,8.3,8.41,8.19,8.22,8.169878,1382500
2019/12/16,8.45,8.78,8.35,8.35,8.299086,4786200
2019/12/17,8.35,8.4,8.08,8.12,8.070488,3584200
2019/12/18,7.78,8.13,7.66,7.96,7.911463,4392500
2019/12/19,7.96,8,7.68,7.8,7.752439,5490100
2019/12/20,7.82,7.96,7.72,7.73,7.682866,4218500
2019/12/23,7.73,7.75,7.31,7.32,7.275366,6556400
2019/12/24,7.47,7.67,7.43,7.51,7.464208,3618200
2019/12/26,7.55,7.56,7.32,7.34,7.295244,3305800
2019/12/27,7.3,7.4,7.2,7.3,7.255488,3910500
2019/12/30,7.31,7.42,7.23,7.24,7.195854,3371000
2019/12/31,7.24,7.3,7.15,7.24,7.195854,3279000
2020/1/2,7.3,7.56,7.23,7.46,7.414512,4545900
2020/1/3,7.45,7.6,7.31,7.32,7.275366,2218000
2020/1/6,7.25,7.3,7.11,7.12,7.076585,2903400
2020/1/7,7.11,7.2,7,7.13,7.086524,3205300
2020/1/8,7.11,7.15,6.61,6.62,6.579634,6557000
2020/1/9,6.66,6.68,6.35,6.46,6.42061,6794300
2020/1/10,6.44,6.67,6.41,6.47,6.430549,5203600
2020/1/13,6.5,6.64,6.42,6.56,6.52,2836800
2020/1/14,6.55,6.96,6.45,6.85,6.808232,2713100
2020/1/15,6.85,7.34,6.8,7.11,7.066647,4660300
2020/1/16,7.19,7.44,7.19,7.33,7.285305,3350400
2020/1/17,7.36,7.38,7.13,7.28,7.23561,2016900
2020/1/21,7.26,7.32,7.15,7.18,7.13622,1831400
2020/1/22,7.21,7.22,6.93,6.97,6.9275,2716900
2020/1/23,6.93,7,6.68,6.8,6.758537,2029300
2020/1/24,6.76,6.8,6.6,6.74,6.698902,2282800
2020/1/27,6.51,6.54,6.25,6.36,6.321219,3163600
2020/1/28,6.35,6.8,6.29,6.79,6.748598,2094700
2020/1/29,6.86,6.89,6.69,6.77,6.72872,1438200
2020/1/30,6.62,6.88,6.46,6.84,6.798293,1640600
2020/1/31,6.81,6.87,6.5,6.52,6.480244,1883300
2020/2/3,6.5,6.59,6.41,6.45,6.410671,1405700
2020/2/4,6.46,6.69,6.39,6.65,6.609451,2004400
2020/2/5,6.72,7.1,6.69,7,6.957317,2167200
2020/2/6,7.03,7.13,6.73,6.75,6.708841,2713400
2020/2/7,6.7,6.75,6.54,6.55,6.510061,2063000
2020/2/10,6.55,6.83,6.47,6.79,6.748598,1360300
2020/2/11,6.8,6.98,6.65,6.94,6.897683,1568500
2020/2/12,6.93,7.08,6.82,6.86,6.818171,1922100
2020/2/13,6.75,7.08,6.72,7,6.957317,1553400
2020/2/14,7.01,7.19,6.88,7.1,7.056707,1706000
2020/2/18,7.09,7.25,7.03,7.04,6.997073,2142800
2020/2/19,7.1,7.44,7.06,7.31,7.265427,2308500
2020/2/20,7.32,7.78,7.21,7.76,7.712683,3649100
2020/2/21,7.7,7.75,7.33,7.46,7.414512,3034300
2020/2/24,7.14,7.14,6.84,7.05,7.007012,3210900
2020/2/25,7,7.28,6.48,6.55,6.510061,4181000
2020/2/26,6.57,6.62,5.87,5.93,5.893841,7176800
2020/2/27,5.71,6.2,5.12,6.09,6.052866,6294000
2020/2/28,6.51,6.65,5.98,6.26,6.221829,7555900
2020/3/2,6.31,6.32,5.63,6.11,6.072744,4585400
2020/3/3,6.1,6.13,5.64,5.81,5.774573,3843000
2020/3/4,5.86,5.9,5.43,5.82,5.784513,4483700
2020/3/5,5.6,5.61,4.75,4.92,4.89,5853100
2020/3/6,4.62,4.73,4.37,4.53,4.53,4599900
2020/3/9,3.95,4.07,3.68,3.85,3.85,3404000
2020/3/10,4.17,4.29,3.76,4.2,4.2,3687000
2020/3/11,3.98,4.07,3.56,3.64,3.64,4059400
2020/3/12,2.68,3.15,2.65,2.91,2.91,8058000
2020/3/13,3.14,3.27,2.8,3.22,3.22,6158300
2020/3/16,2.64,2.9,2.6,2.6,2.6,8497900
2020/3/17,2.62,2.75,1.95,2.48,2.48,7685700
2020/3/18,2.28,3,2.11,2.47,2.47,7753500
2020/3/19,2.64,3.47,2.38,3.37,3.37,8614600
2020/3/20,3.4,3.6,3.02,3.19,3.19,5754000
2020/3/23,3.23,3.4,2.71,3.15,3.15,6481300
2020/3/24,3.5,3.56,3.27,3.56,3.56,5168300
2020/3/25,3.92,3.98,3.25,3.46,3.46,8112900
2020/3/26,3.46,3.95,3.44,3.7,3.7,5094700
2020/3/27,3.57,3.75,3.3,3.6,3.6,3431400
2020/3/30,3.45,3.5,3.04,3.04,3.04,4219700
2020/3/31,3.15,3.29,3.08,3.16,3.16,3637100
2020/4/1,3,3.04,2.5,2.62,2.62,5898600
2020/4/2,2.74,2.78,2.18,2.24,2.24,8808100
2020/4/3,2.32,2.34,2,2.27,2.27,7493400
2020/4/6,2.5,2.97,2.4,2.88,2.88,6912000
2020/4/7,3.17,3.73,3.05,3.14,3.14,8977100
2020/4/8,3.05,3.32,2.8,3.3,3.3,7997600
2020/4/9,3.3,3.3,2.58,2.6,2.6,13981200
2020/4/13,2.34,2.36,1.95,2.08,2.08,19784100
2020/4/14,2.21,2.37,2.14,2.18,2.18,11747900
2020/4/15,2.15,2.46,2.02,2.41,2.41,11378000
2020/4/16,2.35,2.49,2.15,2.44,2.44,6290800
2020/4/17,3.85,3.85,3.05,3.2,3.2,26799900
2020/4/20,3.22,3.44,3.06,3.18,3.18,10787200
2020/4/21,3.2,3.38,3.15,3.25,3.25,5788400
2020/4/22,3.39,3.39,3.16,3.18,3.18,4568600
2020/4/23,3.2,3.25,3.08,3.11,3.11,4318800
2020/4/24,3.14,3.2,3.02,3.05,3.05,3623700
2020/4/27,3.19,3.4,3.06,3.36,3.36,5667200
2020/4/28,3.82,4.75,3.5,4.14,4.14,21601100
2020/4/29,4.54,5.53,4.47,5.19,5.19,27162400
2020/4/30,5.01,5.09,4.5,4.92,4.92,11235600
2020/5/1,4.62,4.7,4.3,4.57,4.57,6746800
2020/5/4,4.11,4.78,4,4.3,4.3,5601400
2020/5/5,4.67,4.69,3.81,3.89,3.89,7504500
2020/5/6,4.08,4.1,3.83,3.92,3.92,3105700
2020/5/7,4.01,4.18,3.95,3.99,3.99,4105800
2020/5/8,4.14,4.22,4.04,4.1,4.1,3571200
2020/5/11,6.4,6.41,4.89,5.32,5.32,106553300
2020/5/12,5.77,5.84,4.91,5.12,5.12,19681900
2020/5/13,5.02,5.03,4.51,4.6,4.6,10433400
2020/5/14,4.25,4.65,4.08,4.55,4.55,5920500
2020/5/15,4.47,4.62,4.44,4.52,4.52,3483200
2020/5/18,4.8,4.93,4.63,4.72,4.72,6036900
2020/5/19,4.82,4.98,4.5,4.56,4.56,4929800
2020/5/20,4.69,4.75,4.59,4.66,4.66,3489500
2020/5/21,4.68,4.79,4.55,4.63,4.63,4555000
2020/5/22,4.66,4.68,4.56,4.58,4.58,2408800
2020/5/26,4.8,5.14,4.7,5.11,5.11,8864100
2020/5/27,5.48,5.65,5.11,5.6,5.6,7862400
2020/5/28,5.65,5.68,5.02,5.07,5.07,6590200
2020/5/29,5,5.38,4.83,5.13,5.13,5153000
2020/6/1,5.03,5.37,5.02,5.31,5.31,3913100
2020/6/2,5.35,5.65,5.33,5.59,5.59,6877800
2020/6/3,5.27,5.99,5.09,5.45,5.45,15353700
2020/6/4,5.17,5.4,5,5.38,5.38,8572600
2020/6/5,5.78,6.15,5.64,5.91,5.91,9240900
2020/6/8,6.27,6.84,6.17,6.45,6.45,8587100
2020/6/9,6.1,6.19,5.56,5.99,5.99,7394300
2020/6/10,7.3,7.35,6.28,6.29,6.29,15322600
2020/6/11,5.53,5.65,5,5.17,5.17,9179400
2020/6/12,5.69,5.93,5.22,5.89,5.89,7352900
2020/6/15,5.42,5.93,5.3,5.8,5.8,5541400
2020/6/16,6.02,6.06,5.5,5.56,5.56,5911900
2020/6/17,5.41,5.63,5.31,5.42,5.42,3030800
2020/6/18,5.35,5.72,5.34,5.63,5.63,5619700
2020/6/19,6.2,6.25,5.46,5.52,5.52,13137400
2020/6/22,5.48,5.48,5.21,5.33,5.33,4412800
2020/6/23,5.37,5.4,5.04,5.1,5.1,5699300
2020/6/24,4.99,5.12,4.51,4.79,4.79,8104100
2020/6/25,4.57,4.59,4.17,4.27,4.27,8251400
2020/6/26,4.26,4.69,4.15,4.18,4.18,5601000
2020/6/29,3.91,4.44,3.75,4.42,4.42,9321600
2020/6/30,4.34,4.36,4.21,4.29,4.29,3653400
2020/7/1,4.26,4.6,4.26,4.57,4.57,4914500
2020/7/2,4.69,4.69,4.47,4.53,4.53,3908400
2020/7/6,4.62,4.64,4.13,4.28,4.28,5489700
2020/7/7,4.18,4.29,4.08,4.13,4.13,2667600
2020/7/8,4.49,4.52,4.2,4.43,4.43,5586800
2020/7/9,4.48,4.6,4.18,4.57,4.57,4225700
2020/7/10,4.39,4.6,4.38,4.6,4.6,3306100
2020/7/13,4.76,4.82,4.25,4.26,4.26,4464800
2020/7/14,4.25,4.27,4.1,4.22,4.22,3291400
2020/7/15,4.37,4.58,4.22,4.5,4.5,4830700
2020/7/16,4.33,4.48,4.31,4.38,4.38,1997500
2020/7/17,4.36,4.37,4.2,4.27,4.27,2101700
2020/7/20,4.21,4.23,4.07,4.15,4.15,2393100
2020/7/21,4.15,4.24,4.08,4.15,4.15,1925900
2020/7/22,4.1,4.17,4,4.03,4.03,2798800
2020/7/23,4.08,4.18,4,4.06,4.06,3614300
2020/7/24,4,4.18,3.96,4,4,3282400
2020/7/27,4.01,4.03,3.81,3.87,3.87,2980500
2020/7/28,3.85,4.25,3.84,4.15,4.15,6226600
2020/7/29,4.07,4.2,3.95,4.16,4.16,5489400
2020/7/30,4.12,4.34,4.06,4.12,4.12,3699100
2020/7/31,4.08,4.15,3.95,4.04,4.04,2584900
2020/8/3,4.05,4.2,3.86,4.11,4.11,4047100
2020/8/4,4.07,4.24,4.06,4.1,4.1,3267800
2020/8/5,4.08,4.17,4.07,4.15,4.15,1691500
2020/8/6,4.11,4.24,3.99,4.14,4.14,3742600
2020/8/7,4.14,5.26,4.09,4.75,4.75,24917400
2020/8/10,4.65,4.74,4.35,4.47,4.47,5048200
2020/8/11,4.7,4.85,4.54,4.56,4.56,5794800
2020/8/12,4.62,4.76,4.56,4.64,4.64,2457900
2020/8/13,5.1,5.77,4.82,5.31,5.31,23259200
2020/8/14,5.56,5.63,5.05,5.54,5.54,12055800
2020/8/17,5.72,5.85,5.43,5.6,5.6,7159200
2020/8/18,5.57,5.57,5.13,5.35,5.35,5790700
2020/8/19,5.34,5.47,5.18,5.39,5.39,5728300
2020/8/20,5.57,5.78,5.3,5.69,5.69,13728400
2020/8/21,5.68,5.68,5.18,5.19,5.19,8216900
2020/8/24,5.35,5.45,4.94,5.41,5.41,8498200
2020/8/25,5.46,5.58,5.21,5.54,5.54,5296900
2020/8/26,5.45,5.67,5.33,5.6,5.6,4419400
2020/8/27,5.81,7.1,5.7,6.52,6.52,31921200
2020/8/28,6.49,6.54,6.11,6.3,6.3,9882700
2020/8/31,6.33,6.45,5.76,5.88,5.88,9820200
2020/9/1,5.79,6.18,5.79,6.07,6.07,9524000
2020/9/2,7.01,7.71,6.46,7.04,7.04,43056200
2020/9/3,6.94,7.14,6.48,6.6,6.6,10626600
2020/9/4,6.76,7.02,6.23,7.02,7.02,9328800
2020/9/8,6.76,6.95,6.37,6.42,6.42,6667400
2020/9/9,6.54,6.54,6.11,6.26,6.26,5578200
2020/9/10,6.28,6.36,5.88,5.94,5.94,5881800
2020/9/11,6.06,6.07,5.6,5.79,5.79,4863000
2020/9/14,5.84,5.87,5.51,5.54,5.54,4638100
2020/9/15,5.6,5.87,5.52,5.52,5.52,5099300
2020/9/16,5.52,5.88,5.42,5.76,5.76,4380600
2020/9/17,5.67,5.79,5.58,5.72,5.72,2619700
2020/9/18,5.71,5.74,5.57,5.67,5.67,2428500
2020/9/21,5.42,5.48,5.01,5.32,5.32,4563200
2020/9/22,5.22,5.32,5.14,5.21,5.21,2090100
2020/9/23,5.22,5.29,4.74,4.78,4.78,4285200
2020/9/24,4.69,4.9,4.36,4.61,4.61,4569700
2020/9/25,4.64,4.93,4.5,4.88,4.88,2375500
2020/9/28,5.04,5.04,4.61,4.91,4.91,4676500
2020/9/29,4.88,4.94,4.75,4.86,4.86,2520000
2020/9/30,4.8,4.95,4.7,4.71,4.71,2515400
2020/10/1,4.78,4.8,4.63,4.65,4.65,3223800
2020/10/2,4.48,4.66,4.42,4.65,4.65,3576000
2020/10/5,4.3,4.36,4.05,4.13,4.13,9468800
2020/10/6,4.26,4.27,4.05,4.06,4.06,8404200
2020/10/7,4.08,4.11,3.94,4.04,4.04,6917700
2020/10/8,4.13,4.18,4.02,4.14,4.14,7868500
2020/10/9,4.17,4.18,4.04,4.05,4.05,5021400
2020/10/12,4.03,4.09,4,4.08,4.08,3245700
2020/10/13,3.9,3.91,3.52,3.54,3.54,10164700
2020/10/14,3.09,3.2,2.66,2.96,2.96,31709400
2020/10/15,2.84,2.96,2.76,2.78,2.78,9808600
2020/10/16,2.87,3.29,2.8,3.04,3.04,18565800
2020/10/19,3.31,3.88,3.23,3.54,3.54,40385100
2020/10/20,3.3,3.31,3.05,3.09,3.09,15978800
2020/10/21,3.1,3.13,2.98,3,3,7277300
2020/10/22,2.96,3.15,2.84,3.12,3.12,12339600
2020/10/23,3.13,3.15,2.95,2.97,2.97,6635000
2020/10/26,2.92,2.93,2.68,2.75,2.75,10458800
2020/10/27,2.88,2.9,2.61,2.79,2.79,11251300
2020/10/28,2.69,2.74,2.58,2.61,2.61,8141100
2020/10/29,2.65,2.68,2.48,2.52,2.52,9019300
2020/10/30,2.48,2.49,2.28,2.36,2.36,10968800
2020/11/2,2.3,2.32,2.11,2.15,2.15,11180100
2020/11/3,2.34,2.59,2.3,2.34,2.34,15441900
2020/11/4,2.4,2.43,2.24,2.31,2.31,7609100
2020/11/5,2.35,2.57,2.27,2.46,2.46,8056200
2020/11/6,2.43,2.62,2.33,2.49,2.49,9049500
2020/11/9,4.27,4.39,3.23,3.77,3.77,132511000
2020/11/10,3.99,4.03,3.34,3.51,3.51,42129300
2020/11/11,3.23,3.24,3,3.13,3.13,24066100
2020/11/12,3.07,3.07,2.92,2.94,2.94,14729000
2020/11/13,2.98,2.99,2.78,2.97,2.97,21995400
2020/11/16,3.39,3.39,3.05,3.11,3.11,47604300
2020/11/17,3.01,3.04,2.9,2.98,2.98,22483000
2020/11/18,3.08,3.37,3.01,3.26,3.26,31717300
2020/11/19,3.16,3.38,3.15,3.19,3.19,13986400
2020/11/20,3.25,3.37,3.21,3.35,3.35,17088800
2020/11/23,3.51,3.85,3.41,3.81,3.81,31514600
2020/11/24,4.16,5,4.15,4.58,4.58,62884600
2020/11/25,4.57,4.85,4.2,4.49,4.49,22647300
2020/11/27,4.54,4.62,4.36,4.45,4.45,10097400
2020/11/30,4.41,4.45,3.99,4.27,4.27,16555000
2020/12/1,4.43,4.43,4.09,4.15,4.15,12130100
2020/12/2,4.08,4.34,3.95,4.32,4.32,11847600
2020/12/3,4.01,4.22,3.5,3.63,3.63,66080900
2020/12/4,3.75,3.76,3.3,3.51,3.51,33157300
2020/12/7,3.45,3.74,3.33,3.56,3.56,20503900
2020/12/8,3.61,4.02,3.61,3.98,3.98,29530600
2020/12/9,4.22,4.33,3.75,3.86,3.86,20991200
2020/12/10,3.79,4.1,3.77,4.09,4.09,19872800
2020/12/11,4.04,4.25,3.87,3.92,3.92,22310400
2020/12/14,4.01,4.01,3,3.19,3.19,67159000
2020/12/15,3.24,3.24,2.76,2.86,2.86,54432100
2020/12/16,2.87,2.89,2.72,2.78,2.78,25423200
2020/12/17,2.8,2.95,2.74,2.85,2.85,23799300
2020/12/18,2.85,2.85,2.76,2.8,2.8,21941700
2020/12/21,2.61,2.74,2.58,2.68,2.68,22699800
2020/12/22,2.73,2.75,2.52,2.59,2.59,21638400
2020/12/23,2.58,2.65,2.54,2.56,2.56,15724800
2020/12/24,2.59,2.6,2.48,2.51,2.51,11094200
2020/12/28,2.63,2.63,2.36,2.39,2.39,23942700
2020/12/29,2.44,2.46,2.28,2.29,2.29,21086100
2020/12/30,2.3,2.3,2.13,2.16,2.16,40278400
2020/12/31,2.17,2.22,2.08,2.12,2.12,28234300
2021/1/4,2.2,2.2,2,2.01,2.01,29873800
2021/1/5,1.99,2.03,1.91,1.98,1.98,28148300
2021/1/6,2.03,2.23,1.97,2.01,2.01,67363300
2021/1/7,2.08,2.11,2.02,2.05,2.05,26150500
2021/1/8,2.09,2.21,2.07,2.14,2.14,39553300
2021/1/11,2.16,2.27,2.15,2.2,2.2,41695800
2021/1/12,2.24,2.39,2.24,2.29,2.29,41549200
2021/1/13,2.33,2.38,2.13,2.18,2.18,45847700
2021/1/14,2.22,2.32,2.13,2.18,2.18,49638800
2021/1/15,2.2,2.55,2.18,2.33,2.33,162356400
2021/1/19,2.8,3.2,2.57,3.06,3.06,256276000
2021/1/20,3.29,3.34,2.75,2.97,2.97,181862200
2021/1/21,3,3.06,2.85,2.98,2.98,64823800
2021/1/22,2.91,3.74,2.81,3.51,3.51,268273400
2021/1/25,4.71,4.88,3.85,4.42,4.42,443238100
2021/1/26,5.09,5.19,4.37,4.96,4.96,456850200
2021/1/27,20.34,20.360001,11.01,19.9,19.9,1222342500
2021/1/28,11.98,16.5,6.51,8.63,8.63,591223900
2021/1/29,14.31,16,11.6,13.26,13.26,602193300
2021/2/1,17,17.25,12.91,13.3,13.3,434608000
2021/2/2,9.48,10.1,6,7.82,7.82,462775900
2021/2/3,8.85,9.77,7.89,8.97,8.97,221405100
2021/2/4,8.7,8.74,7,7.09,7.09,162985800
2021/2/5,7.17,8.27,6.52,6.83,6.83,197097600
2021/2/8,6.88,6.89,5.75,6.18,6.18,128171500
2021/2/9,5.81,5.81,5.26,5.5,5.5,102588100
2021/2/10,5.71,6.59,5.45,5.8,5.8,152810800
2021/2/11,5.62,5.85,5.47,5.61,5.61,55920400
2021/2/12,5.72,5.97,5.52,5.59,5.59,46773000
2021/2/16,6.03,6.05,5.49,5.65,5.65,61165700
2021/2/17,5.58,5.62,5.32,5.55,5.55,38849000
2021/2/18,5.84,6.25,5.46,5.51,5.51,130540800
2021/2/19,5.54,5.77,5.51,5.7,5.7,40249100
2021/2/22,5.93,6.68,5.75,6.55,6.55,173409000
2021/2/23,6.97,7.86,6.01,7.7,7.7,264876400
2021/2/24,7.23,9.83,6.99,9.09,9.09,376881800
2021/2/25,10.89,11,7.85,8.29,8.29,445717400
2021/2/26,8.19,9.01,7.63,8.01,8.01,137028000
2021/3/1,8.86,9.45,8.42,9.18,9.18,143586500
2021/3/2,9.14,9.4,8.51,8.93,8.93,78135400
2021/3/3,8.95,9.14,8.5,8.58,8.58,55651900
2021/3/4,8.25,8.59,7.5,8.03,8.03,77822600
2021/3/5,8.08,8.27,7.63,8.05,8.05,59734100
2021/3/8,8.53,9.48,8.31,9.29,9.29,114343800
2021/3/9,9.38,10.77,9.22,10.5,10.5,150415600
2021/3/10,11.02,12.47,9.51,9.85,9.85,261918600
2021/3/11,10.65,10.87,9.9,10.28,10.28,83933600
2021/3/12,10.16,11.4,9.94,11.16,11.16,111146700
2021/3/15,12.18,14.49,11.85,14.04,14.04,277713300
2021/3/16,13.62,13.62,12.34,13.02,13.02,125967600
2021/3/17,13.24,13.66,13,13.56,13.56,78053600
2021/3/18,14.34,14.54,13.57,14,14,121418000
2021/3/19,14.14,14.18,13.28,13.93,13.93,153206000
2021/3/22,13.15,13.19,11.76,12.49,12.49,88760100
2021/3/23,11.46,11.93,10.37,10.66,10.66,87923200
2021/3/24,10.82,11.21,8.93,9.02,9.02,81850700
2021/3/25,8.96,11.32,8.95,10.94,10.94,131192800
2021/3/26,11.27,11.53,10.01,10.24,10.24,84633100
2021/3/29,10.32,10.76,10.09,10.35,10.35,37330700
2021/3/30,10.31,10.52,9.76,10.35,10.35,39020500
2021/3/31,10.4,10.47,10.05,10.21,10.21,29832300
2021/4/1,10.23,10.26,9.15,9.36,9.36,77473900
2021/4/5,10.1,11.25,9.72,10.61,10.61,96082300
2021/4/6,10.4,10.5,10,10.2,10.2,44067000
2021/4/7,10.07,10.18,9.85,9.85,9.85,28804300
2021/4/8,10.01,10.01,9.5,9.79,9.79,33408700
2021/4/9,9.6,9.74,9.24,9.42,9.42,29254600
2021/4/12,9.44,9.49,8.51,8.62,8.62,51269800
2021/4/13,8.66,9.12,8.31,8.84,8.84,44049100
2021/4/14,9,9.81,8.9,9.35,9.35,51166300
2021/4/15,9.88,10.23,9.58,9.9,9.9,45198900
2021/4/16,10,10.03,9.09,9.33,9.33,40696700
2021/4/19,9.48,9.81,9.38,9.66,9.66,32814300
2021/4/20,9.7,9.71,9.01,9.28,9.28,27008900
2021/4/21,9.25,9.81,9.14,9.78,9.78,23598200
2021/4/22,9.95,10.65,9.79,9.99,9.99,49923500
2021/4/23,10.09,10.38,9.96,10.16,10.16,27465600
2021/4/26,10.69,11.96,10.57,11.5,11.5,78592900
2021/4/27,11.68,12.22,11.22,11.46,11.46,51629800
2021/4/28,10.85,11.39,10.65,10.85,10.85,39720500
2021/4/29,10.95,11.04,10.09,10.2,10.2,37782900
2021/4/30,10.07,10.18,9.88,10.03,10.03,27741000
2021/5/3,10.11,10.12,9.61,9.71,9.71,31251200
2021/5/4,9.63,9.75,9.05,9.39,9.39,35222400
2021/5/5,9.41,9.57,9.08,9.17,9.17,27608700
2021/5/6,9.33,9.4,8.93,9,9,39586300
2021/5/7,9.32,9.79,9.14,9.51,9.51,38245000
2021/5/10,9.9,10.15,9.56,9.74,9.74,41015300
2021/5/11,9.93,10.48,9.6,10.05,10.05,49601000
2021/5/12,10.03,10.63,10.02,10.32,10.32,54423500
2021/5/13,10.88,14.2,10.64,12.77,12.77,296525000
2021/5/14,13.31,14.34,12.57,12.98,12.98,207589900
2021/5/17,13.67,14.38,13.39,13.95,13.95,158933100
2021/5/18,14.25,14.67,13.57,14.03,14.03,172488400
2021/5/19,12.95,13.31,12.14,12.64,12.64,89024100
2021/5/20,12.59,12.99,12.03,12.55,12.55,61419700
2021/5/21,12.61,12.84,12.05,12.08,12.08,53937700
2021/5/24,12.38,13.96,12.17,13.68,13.68,113319200
2021/5/25,13.61,16.67,13.55,16.41,16.41,213644100
2021/5/26,17.76,19.950001,17.26,19.559999,19.559999,379064100
2021/5/27,18.610001,29.76,18.309999,26.52,26.52,705545700
2021/5/28,31.809999,36.720001,24.17,26.120001,26.120001,660623600
2021/6/1,31.889999,33.529999,28.530001,32.040001,32.040001,508694600
2021/6/2,37.52,72.620003,35.59,62.549999,62.549999,766462500
2021/6/3,58.099998,68.800003,37.66,51.34,51.34,598142200
2021/6/4,48.790001,57.48,46.040001,47.91,47.91,337710100
2021/6/7,52.380001,59.68,51.5,55,55,349094900
2021/6/8,57.16,60.619999,52.77,55.049999,55.049999,214490300
2021/6/9,52.200001,53.389999,48.119999,49.34,49.34,150361300
2021/6/10,47.93,51.5,39.709999,42.810001,42.810001,224860600
2021/6/11,44.68,49.599998,42.009998,49.400002,49.400002,218006600
2021/6/14,51.830002,60.549999,51.52,57,57,301467300
2021/6/15,58.389999,64.709999,56.73,59.040001,59.040001,285582100
2021/6/16,56.139999,57.34,51.860001,55.18,55.18,166450700
2021/6/17,54,63.830002,52.98,60.73,60.73,303576000
2021/6/18,61.259998,64.959999,56.849998,59.259998,59.259998,242896900
2021/6/21,61.34,63.009998,53.43,55.689999,55.689999,185419300
